ts_utc,server,tool,duration_s,argument_bytes,result_bytes,result_state
2026-08-09T07:31:49.488Z,orchestra,search_memory,0.977142233,249,23517,ok
2026-08-09T07:33:36.327Z,orchestra,search_memory,0.612759519,142,47481,ok
2026-08-09T07:39:22.613Z,orchestra,search_memory,0.568886941,126,24443,ok
2026-08-09T07:44:24.469Z,orchestra,list_agents,0.136827903,2,6559,ok
2026-08-09T07:54:31.137Z,orchestra,codex_review,0.073924477,1345,825,ok
2026-08-09T07:55:14.371Z,orchestra,bg_create,0.226407272,1754,265,ok
2026-08-09T07:56:58.893Z,orchestra,bg_create,0.330003891,1814,265,ok
2026-08-09T08:05:06.397Z,orchestra,bg_create,0.369367179,1498,265,ok
2026-08-09T08:14:08.975Z,orchestra,bg_create,0.212991734,1470,265,ok
2026-08-09T08:16:17.705Z,orchestra,bg_create,0.158916175,1440,265,ok
2026-08-09T08:17:49.832Z,orchestra,send_message,0.072127767,1320,195,ok
2026-08-09T08:19:42.488Z,orchestra,search_memory,1.942226331,176,17549,ok
2026-08-09T08:38:42.402Z,orchestra,codex_review,0.071453511,1434,825,ok
2026-08-09T08:38:57.901Z,orchestra,bg_create,0.233563706,2136,265,ok
2026-08-09T08:43:44.907Z,orchestra,bg_create,0.251859583,2307,265,ok
2026-08-09T08:45:20.641Z,orchestra,bg_create,0.212544081,1890,265,ok
2026-08-09T08:46:42.721Z,orchestra,send_message,0.070578211,1097,195,ok
2026-08-09T09:14:34.591Z,orchestra,search_memory,0.824922414,205,13165,ok
2026-08-09T09:51:30.385Z,orchestra,bg_create,0.230913522,2699,265,ok
2026-08-09T09:54:32.598Z,orchestra,bg_create,0.343427557,1985,265,ok
2026-08-09T09:56:39.883Z,orchestra,bg_create,0.202521457,1765,265,ok
2026-08-09T09:58:15.642Z,orchestra,bg_create,0.396193991,1683,265,ok
2026-08-09T10:00:17.256Z,orchestra,bg_create,0.194649948,1607,265,ok
2026-08-09T10:01:37.615Z,orchestra,bg_create,0.199044131,1394,265,ok
2026-08-09T10:02:26.497Z,orchestra,bg_create,0.236900358,1390,265,ok
2026-08-09T10:04:46.195Z,orchestra,search_memory,1.107003722,135,11551,ok
2026-08-09T10:04:51.848Z,orchestra,send_message,0.042246933,381,195,ok
2026-08-09T10:51:42.400Z,orchestra,codex_review,0.075774342,2634,825,ok
2026-08-09T10:52:29.025Z,orchestra,bg_create,0.217182831,1534,265,ok
2026-08-09T10:52:48.381Z,orchestra,bg_create,0.235302352,1558,265,ok
2026-08-09T10:54:29.645Z,orchestra,bg_create,0.217152832,1877,265,ok
2026-08-09T11:02:57.027Z,orchestra,bg_list,0.138507154,2,13165,ok
2026-08-09T11:03:17.292Z,orchestra,send_message,0.061446015,1865,195,ok
2026-08-09T11:16:26.953Z,orchestra,search_memory,0.968474584,127,9451,ok
2026-08-09T12:07:10.416Z,orchestra,search_memory,0.826325023,115,8653,ok
2026-08-09T12:35:20.479Z,orchestra,bg_create,0.296483658,2861,265,ok
2026-08-09T12:36:32.221Z,orchestra,send_message,0.100729899,682,195,ok
2026-08-09T13:35:50.312Z,orchestra,bg_create,0.315719631,1628,265,ok
2026-08-09T13:36:04.372Z,orchestra,send_message,0.07398112,433,195,ok
2026-08-09T13:43:03.838Z,orchestra,bg_create,0.288776448,1140,265,ok
2026-08-09T13:43:09.315Z,orchestra,send_message,0.057824571,464,195,ok
2026-08-09T13:54:35.219Z,orchestra,send_message,0.124145186,2083,195,ok
