# hostname;interval;timestamp;CPU;%user;%nice;%system;%iowait;%steal;%idle
vmi3407579;600;2026-10-06 22:10:01 UTC;-1;1.78;0.00;1.42;0.51;0.00;96.28
vmi3407579;600;2026-10-06 22:20:01 UTC;-1;1.21;0.00;1.40;0.82;0.00;96.58
vmi3407579;599;2026-10-06 22:30:00 UTC;-1;1.43;0.00;1.30;0.31;0.00;96.96
vmi3407579;601;2026-10-06 22:40:01 UTC;-1;1.01;0.00;0.87;0.14;0.00;97.98
vmi3407579;600;2026-10-06 22:50:01 UTC;-1;0.91;0.00;0.75;0.04;0.00;98.30
vmi3407579;600;2026-10-06 23:00:01 UTC;-1;1.81;0.00;1.46;0.08;0.00;96.65
vmi3407579;600;2026-10-06 23:10:00 UTC;-1;2.82;0.00;2.31;1.01;0.00;93.87
vmi3407579;601;2026-10-06 23:20:01 UTC;-1;1.04;0.00;1.15;0.29;0.00;97.51
vmi3407579;600;2026-10-06 23:30:01 UTC;-1;1.34;0.00;1.39;0.25;0.00;97.02
vmi3407579;600;2026-10-06 23:40:01 UTC;-1;1.05;0.00;1.05;0.06;0.00;97.84
vmi3407579;599;2026-10-06 23:50:00 UTC;-1;1.00;0.00;1.03;0.07;0.00;97.90
vmi3407579;601;2026-10-07 00:00:01 UTC;-1;1.01;0.00;1.05;0.06;0.00;97.88
vmi3407579;600;2026-10-07 00:10:01 UTC;-1;1.66;0.00;1.11;0.46;0.00;96.77
vmi3407579;599;2026-10-07 00:20:00 UTC;-1;1.43;0.00;1.56;0.36;0.00;96.64
vmi3407579;601;2026-10-07 00:30:00 UTC;-1;2.28;0.00;2.00;0.66;0.00;95.05
vmi3407579;601;2026-10-07 00:40:01 UTC;-1;0.96;0.00;0.85;0.05;0.00;98.14
vmi3407579;601;2026-10-07 00:50:01 UTC;-1;0.92;0.00;0.76;0.05;0.00;98.27
vmi3407579;600;2026-10-07 01:00:02 UTC;-1;1.09;0.17;0.90;0.07;0.00;97.77
vmi3407579;599;2026-10-07 01:10:00 UTC;-1;1.58;0.00;0.96;0.45;0.00;97.02
vmi3407579;601;2026-10-07 01:20:01 UTC;-1;0.94;0.00;0.90;0.34;0.00;97.83
vmi3407579;599;2026-10-07 01:30:00 UTC;-1;1.64;0.00;1.28;0.21;0.00;96.87
vmi3407579;601;2026-10-07 01:40:01 UTC;-1;0.93;0.00;0.80;0.08;0.00;98.19
vmi3407579;600;2026-10-07 01:50:01 UTC;-1;0.93;0.00;0.81;0.05;0.00;98.22
vmi3407579;600;2026-10-07 02:00:01 UTC;-1;0.94;0.00;0.82;0.05;0.00;98.19
vmi3407579;599;2026-10-07 02:10:00 UTC;-1;2.44;0.00;2.01;2.12;0.00;93.42
vmi3407579;602;2026-10-07 02:20:02 UTC;-1;6.37;0.00;2.13;0.72;0.00;90.78
vmi3407579;599;2026-10-07 02:30:01 UTC;-1;3.32;0.00;2.43;0.60;0.00;93.65
vmi3407579;599;2026-10-07 02:40:00 UTC;-1;4.78;0.00;2.14;3.13;0.00;89.95
vmi3407579;601;2026-10-07 02:50:00 UTC;-1;6.77;0.00;3.49;1.44;0.00;88.30
vmi3407579;600;2026-10-07 03:00:00 UTC;-1;19.19;0.00;5.31;0.79;0.00;74.70
vmi3407579;601;2026-10-07 03:10:02 UTC;-1;16.36;0.00;6.70;1.77;0.00;75.17
vmi3407579;600;2026-10-07 03:20:01 UTC;-1;15.60;0.00;6.60;1.55;0.00;76.25
vmi3407579;599;2026-10-07 03:30:00 UTC;-1;11.20;0.00;5.37;1.00;0.00;82.42
vmi3407579;601;2026-10-07 03:40:02 UTC;-1;3.26;0.00;1.93;0.26;0.00;94.55
vmi3407579;600;2026-10-07 03:50:01 UTC;-1;1.72;0.00;1.03;0.14;0.00;97.11
vmi3407579;599;2026-10-07 04:00:00 UTC;-1;1.11;0.00;0.80;0.04;0.00;98.05
vmi3407579;600;2026-10-07 04:10:01 UTC;-1;1.95;0.00;1.08;0.45;0.00;96.52
vmi3407579;600;2026-10-07 04:20:01 UTC;-1;1.33;0.00;1.04;0.46;0.00;97.17
vmi3407579;600;2026-10-07 04:30:01 UTC;-1;3.36;0.00;2.35;0.68;0.00;93.61
vmi3407579;601;2026-10-07 04:40:02 UTC;-1;3.20;0.24;2.77;2.47;0.00;91.32
vmi3407579;600;2026-10-07 04:50:01 UTC;-1;6.67;0.00;2.60;0.43;0.00;90.30
vmi3407579;600;2026-10-07 05:00:01 UTC;-1;17.32;8.88;6.19;0.42;0.00;67.19
vmi3407579;600;2026-10-07 05:10:00 UTC;-1;4.00;4.19;2.13;0.56;0.00;89.11
vmi3407579;601;2026-10-07 05:20:01 UTC;-1;7.12;2.31;2.57;1.45;0.00;86.55
vmi3407579;600;2026-10-07 05:30:01 UTC;-1;26.57;17.46;9.02;1.45;0.00;45.50
vmi3407579;598;2026-10-07 05:40:00 UTC;-1;13.26;61.62;6.65;0.74;0.00;17.73
vmi3407579;601;2026-10-07 05:50:00 UTC;-1;15.02;0.00;4.94;0.80;0.00;79.24
vmi3407579;600;2026-10-07 06:00:01 UTC;-1;14.37;0.00;4.50;0.27;0.00;80.86
vmi3407579;601;2026-10-07 06:10:02 UTC;-1;20.01;0.00;7.62;0.40;0.00;71.98
vmi3407579;599;2026-10-07 06:20:00 UTC;-1;16.92;0.00;6.65;2.48;0.00;73.94
vmi3407579;600;2026-10-07 06:30:01 UTC;-1;46.58;0.00;9.84;0.27;0.00;43.31
vmi3407579;600;2026-10-07 06:40:01 UTC;-1;37.12;0.00;8.14;0.41;0.00;54.33
vmi3407579;600;2026-10-07 06:50:01 UTC;-1;5.83;0.00;2.57;0.22;0.00;91.38
vmi3407579;601;2026-10-07 07:00:01 UTC;-1;7.37;0.00;3.16;1.56;0.00;87.91
vmi3407579;599;2026-10-07 07:10:01 UTC;-1;11.75;0.00;2.91;0.31;0.00;85.02
vmi3407579;600;2026-10-07 07:20:01 UTC;-1;2.15;0.00;1.65;1.27;0.00;94.92
vmi3407579;600;2026-10-07 07:30:01 UTC;-1;4.39;0.00;2.14;0.26;0.00;93.21
vmi3407579;601;2026-10-07 07:40:01 UTC;-1;6.51;0.00;3.08;0.45;0.00;89.96
vmi3407579;600;2026-10-07 07:50:01 UTC;-1;3.86;0.00;2.65;1.08;0.00;92.41
vmi3407579;599;2026-10-07 08:00:01 UTC;-1;69.98;0.00;9.81;0.14;0.00;20.07
vmi3407579;600;2026-10-07 08:10:01 UTC;-1;27.71;0.00;14.21;13.36;0.00;44.72
vmi3407579;601;2026-10-07 08:20:02 UTC;-1;3.05;0.00;3.17;5.34;0.00;88.45
vmi3407579;600;2026-10-07 08:30:01 UTC;-1;6.40;0.00;5.06;1.12;0.00;87.42
vmi3407579;599;2026-10-07 08:40:01 UTC;-1;3.93;0.00;3.54;1.78;0.00;90.74
vmi3407579;600;2026-10-07 08:50:00 UTC;-1;3.04;0.00;2.29;1.50;0.00;93.17
vmi3407579;602;2026-10-07 09:00:02 UTC;-1;8.40;0.00;3.22;0.49;0.00;87.89
vmi3407579;599;2026-10-07 09:10:01 UTC;-1;9.10;0.00;4.79;0.40;0.00;85.71
vmi3407579;600;2026-10-07 09:20:01 UTC;-1;6.15;0.00;4.11;0.94;0.00;88.80
vmi3407579;600;2026-10-07 09:30:01 UTC;-1;4.88;0.00;4.32;4.89;0.00;85.91
vmi3407579;599;2026-10-07 09:40:00 UTC;-1;6.46;0.00;5.31;1.33;0.00;86.90
vmi3407579;601;2026-10-07 09:50:00 UTC;-1;5.15;0.00;4.27;0.66;0.00;89.93
vmi3407579;601;2026-10-07 10:00:01 UTC;-1;4.11;0.00;3.60;0.46;0.00;91.83
vmi3407579;600;2026-10-07 10:10:01 UTC;-1;3.58;0.00;3.39;2.28;0.00;90.76
vmi3407579;600;2026-10-07 10:20:01 UTC;-1;4.65;0.00;4.79;5.15;0.00;85.40
vmi3407579;599;2026-10-07 10:30:00 UTC;-1;13.64;0.00;7.29;1.26;0.00;77.80
vmi3407579;601;2026-10-07 10:40:01 UTC;-1;34.33;0.00;10.94;1.54;0.00;53.19
vmi3407579;600;2026-10-07 10:50:01 UTC;-1;19.86;0.00;8.32;1.74;0.00;70.08
vmi3407579;600;2026-10-07 11:00:01 UTC;-1;20.23;0.00;11.34;3.42;0.00;65.01
vmi3407579;600;2026-10-07 11:10:01 UTC;-1;16.78;0.00;7.88;1.44;0.00;73.89
vmi3407579;599;2026-10-07 11:20:01 UTC;-1;13.07;0.00;7.02;4.88;0.00;75.04
vmi3407579;601;2026-10-07 11:30:01 UTC;-1;30.08;0.00;10.83;2.73;0.00;56.36
vmi3407579;600;2026-10-07 11:40:02 UTC;-1;43.46;0.00;16.17;1.91;0.00;38.46
vmi3407579;600;2026-10-07 11:50:02 UTC;-1;40.93;0.00;14.62;1.99;0.00;42.45
vmi3407579;598;2026-10-07 12:00:00 UTC;-1;41.70;0.00;12.60;1.10;0.00;44.60
vmi3407579;601;2026-10-07 12:10:01 UTC;-1;17.69;0.00;8.41;1.11;0.00;72.79
vmi3407579;600;2026-10-07 12:20:02 UTC;-1;3.93;0.00;3.40;6.09;0.00;86.58
vmi3407579;600;2026-10-07 12:30:01 UTC;-1;5.01;0.00;4.56;1.40;0.00;89.03
vmi3407579;599;2026-10-07 12:40:01 UTC;-1;5.23;0.00;4.24;0.79;0.00;89.74
vmi3407579;600;2026-10-07 12:50:00 UTC;-1;2.98;0.00;2.09;0.38;0.00;94.54
vmi3407579;600;2026-10-07 13:00:00 UTC;-1;2.80;0.00;1.96;0.14;0.00;95.10
vmi3407579;601;2026-10-07 13:10:01 UTC;-1;2.62;0.00;1.58;0.32;0.00;95.49
vmi3407579;600;2026-10-07 13:20:01 UTC;-1;2.97;0.00;3.02;4.98;0.00;89.03
vmi3407579;600;2026-10-07 13:30:01 UTC;-1;3.68;0.00;3.24;0.54;0.00;92.55
vmi3407579;599;2026-10-07 13:40:00 UTC;-1;4.14;0.00;2.53;0.42;0.00;92.90
vmi3407579;599;2026-10-07 13:50:00 UTC;-1;1.87;0.00;1.50;0.13;0.00;96.50
vmi3407579;602;2026-10-07 14:00:01 UTC;-1;2.62;0.00;1.89;0.15;0.00;95.35
vmi3407579;600;2026-10-07 14:10:01 UTC;-1;8.26;0.00;4.50;1.18;0.00;86.06
vmi3407579;599;2026-10-07 14:20:00 UTC;-1;2.54;0.00;2.21;2.21;0.00;93.04
vmi3407579;600;2026-10-07 14:30:00 UTC;-1;13.28;0.00;6.73;1.10;0.00;78.88
vmi3407579;601;2026-10-07 14:40:01 UTC;-1;33.30;0.00;13.16;3.14;0.00;50.40
vmi3407579;601;2026-10-07 14:50:02 UTC;-1;34.46;0.00;10.26;1.04;0.00;54.24
vmi3407579;598;2026-10-07 15:00:00 UTC;-1;31.91;0.00;12.25;2.94;0.00;52.91
vmi3407579;601;2026-10-07 15:10:01 UTC;-1;29.79;0.00;15.36;6.94;0.00;47.90
vmi3407579;600;2026-10-07 15:20:01 UTC;-1;52.82;0.00;20.77;6.49;0.00;19.92
vmi3407579;600;2026-10-07 15:30:01 UTC;-1;16.18;0.00;12.76;8.96;0.00;62.10
vmi3407579;599;2026-10-07 15:40:00 UTC;-1;10.68;0.00;10.63;2.70;0.00;76.00
vmi3407579;601;2026-10-07 15:50:01 UTC;-1;11.34;0.00;8.34;1.94;0.00;78.39
vmi3407579;599;2026-10-07 16:00:00 UTC;-1;10.52;0.00;6.45;1.52;0.00;81.52
vmi3407579;601;2026-10-07 16:10:01 UTC;-1;8.38;0.00;5.69;1.15;0.00;84.78
vmi3407579;599;2026-10-07 16:20:00 UTC;-1;5.80;0.00;5.55;5.11;0.00;83.55
vmi3407579;601;2026-10-07 16:30:01 UTC;-1;16.52;0.00;5.65;1.92;0.00;75.91
vmi3407579;599;2026-10-07 16:40:00 UTC;-1;14.01;0.00;1.75;0.17;0.00;84.08
vmi3407579;601;2026-10-07 16:50:01 UTC;-1;16.12;0.00;2.78;0.33;0.00;80.77
vmi3407579;600;2026-10-07 17:00:01 UTC;-1;15.56;0.00;2.38;0.39;0.00;81.67
vmi3407579;600;2026-10-07 17:10:02 UTC;-1;20.54;0.00;5.12;1.35;0.00;72.99
vmi3407579;600;2026-10-07 17:20:01 UTC;-1;16.10;0.00;3.03;1.93;0.00;78.94
vmi3407579;598;2026-10-07 17:30:00 UTC;-1;12.39;0.00;3.46;1.00;0.00;83.15
vmi3407579;602;2026-10-07 17:40:01 UTC;-1;16.37;0.00;3.62;0.80;0.00;79.21
vmi3407579;599;2026-10-07 17:50:01 UTC;-1;20.46;0.00;5.91;1.84;0.00;71.80
vmi3407579;600;2026-10-07 18:00:00 UTC;-1;21.03;0.00;6.23;1.26;0.00;71.49
vmi3407579;603;2026-10-07 18:10:03 UTC;-1;20.68;0.00;5.87;2.26;0.00;71.19
vmi3407579;599;2026-10-07 18:20:02 UTC;-1;19.66;0.00;5.75;2.65;0.00;71.95
vmi3407579;599;2026-10-07 18:30:01 UTC;-1;18.09;0.00;7.61;1.23;0.00;73.06
vmi3407579;600;2026-10-07 18:40:02 UTC;-1;18.18;0.00;5.93;3.07;0.00;72.82
vmi3407579;599;2026-10-07 18:50:01 UTC;-1;41.38;0.00;2.91;0.22;0.00;55.50
vmi3407579;600;2026-10-07 19:00:00 UTC;-1;17.46;0.00;4.14;0.49;0.00;77.91
vmi3407579;601;2026-10-07 19:10:01 UTC;-1;19.10;0.00;4.37;1.78;0.00;74.75
vmi3407579;600;2026-10-07 19:20:02 UTC;-1;17.73;0.00;4.26;2.33;0.00;75.69
vmi3407579;600;2026-10-07 19:30:01 UTC;-1;17.29;1.34;5.80;2.56;0.00;73.01
vmi3407579;599;2026-10-07 19:40:00 UTC;-1;4.64;3.55;8.86;2.65;0.00;80.30
vmi3407579;601;2026-10-07 19:50:01 UTC;-1;7.85;0.00;9.92;17.02;0.00;65.21
vmi3407579;601;2026-10-07 20:00:01 UTC;-1;11.15;0.00;9.47;2.39;0.00;76.99
vmi3407579;600;2026-10-07 20:10:01 UTC;-1;10.11;0.00;8.69;2.12;0.00;79.08
vmi3407579;600;2026-10-07 20:20:02 UTC;-1;8.25;0.00;3.83;2.30;0.00;85.62
vmi3407579;600;2026-10-07 20:30:01 UTC;-1;7.90;0.00;3.53;0.74;0.00;87.83
vmi3407579;600;2026-10-07 20:40:01 UTC;-1;7.88;0.00;4.45;0.85;0.00;86.81
vmi3407579;599;2026-10-07 20:50:00 UTC;-1;7.23;0.00;5.47;1.52;0.00;85.78
vmi3407579;601;2026-10-07 21:00:01 UTC;-1;8.02;0.00;5.96;1.09;0.00;84.92
vmi3407579;602;2026-10-07 21:10:02 UTC;-1;9.22;0.00;5.56;1.69;0.00;83.53
vmi3407579;599;2026-10-07 21:20:02 UTC;-1;4.54;0.00;4.21;1.49;0.00;89.75
vmi3407579;599;2026-10-07 21:30:00 UTC;-1;6.19;0.00;3.98;0.95;0.00;88.89
vmi3407579;602;2026-10-07 21:40:02 UTC;-1;9.49;0.00;3.16;0.59;0.00;86.76
vmi3407579;599;2026-10-07 21:50:01 UTC;-1;2.31;0.00;2.19;0.26;0.00;95.24
# hostname;interval;timestamp;CPU;%user;%nice;%system;%iowait;%steal;%idle
vmi3407579;599;2026-10-07 22:10:00 UTC;-1;8.57;0.01;5.14;2.81;0.00;83.47
vmi3407579;601;2026-10-07 22:20:01 UTC;-1;11.18;0.00;7.40;6.01;0.00;75.42
vmi3407579;601;2026-10-07 22:30:02 UTC;-1;6.52;0.00;5.15;1.40;0.00;86.92
vmi3407579;600;2026-10-07 22:40:02 UTC;-1;7.76;0.00;6.50;2.26;0.00;83.48
vmi3407579;598;2026-10-07 22:50:00 UTC;-1;26.44;0.00;3.30;0.41;0.00;69.85
vmi3407579;601;2026-10-07 23:00:02 UTC;-1;7.79;0.00;5.29;1.42;0.00;85.50
vmi3407579;599;2026-10-07 23:10:01 UTC;-1;10.65;0.00;8.28;3.28;0.00;77.78
vmi3407579;600;2026-10-07 23:20:01 UTC;-1;7.15;0.00;6.08;6.25;0.00;80.52
vmi3407579;600;2026-10-07 23:30:01 UTC;-1;7.92;0.00;5.88;1.88;0.00;84.32
vmi3407579;600;2026-10-07 23:40:01 UTC;-1;6.80;0.00;6.10;1.44;0.00;85.66
vmi3407579;601;2026-10-07 23:50:02 UTC;-1;8.23;0.00;6.40;1.83;0.00;83.54
vmi3407579;599;2026-10-08 00:00:01 UTC;-1;6.87;0.00;4.90;1.51;0.00;86.72
vmi3407579;598;2026-10-08 00:10:00 UTC;-1;8.11;0.00;6.57;2.24;0.00;83.08
vmi3407579;603;2026-10-08 00:20:02 UTC;-1;6.57;0.00;4.43;2.42;0.00;86.58
vmi3407579;598;2026-10-08 00:30:00 UTC;-1;6.46;0.00;5.33;2.31;0.00;85.90
vmi3407579;600;2026-10-08 00:40:01 UTC;-1;8.84;0.00;6.31;1.19;0.00;83.66
vmi3407579;601;2026-10-08 00:50:01 UTC;-1;5.59;0.00;4.84;1.02;0.00;88.55
vmi3407579;599;2026-10-08 01:00:00 UTC;-1;5.36;0.00;3.92;0.66;0.00;90.06
vmi3407579;600;2026-10-08 01:10:00 UTC;-1;2.83;0.00;2.55;1.03;0.00;93.59
vmi3407579;601;2026-10-08 01:20:01 UTC;-1;1.49;0.00;1.92;1.42;0.00;95.16
vmi3407579;600;2026-10-08 01:30:01 UTC;-1;1.46;0.00;1.72;0.23;0.00;96.59
vmi3407579;601;2026-10-08 01:40:02 UTC;-1;1.53;0.00;1.87;0.35;0.00;96.24
vmi3407579;599;2026-10-08 01:50:01 UTC;-1;1.53;0.00;1.91;0.27;0.00;96.29
vmi3407579;599;2026-10-08 02:00:00 UTC;-1;2.50;0.00;2.37;0.45;0.00;94.68
vmi3407579;600;2026-10-08 02:10:00 UTC;-1;5.14;0.00;4.54;1.95;0.00;88.36
vmi3407579;602;2026-10-08 02:20:02 UTC;-1;1.97;0.00;2.47;1.56;0.00;93.99
vmi3407579;599;2026-10-08 02:30:01 UTC;-1;2.12;0.00;2.88;9.08;0.00;85.91
vmi3407579;600;2026-10-08 02:40:01 UTC;-1;2.19;0.00;2.43;1.08;0.00;94.31
vmi3407579;599;2026-10-08 02:50:01 UTC;-1;12.83;0.00;6.97;9.49;0.00;70.71
vmi3407579;600;2026-10-08 03:00:01 UTC;-1;27.56;28.27;19.15;10.40;0.00;14.61
vmi3407579;600;2026-10-08 03:10:01 UTC;-1;17.04;20.62;16.42;18.11;0.00;27.80
vmi3407579;600;2026-10-08 03:20:01 UTC;-1;9.55;7.64;10.06;9.05;0.00;63.71
vmi3407579;600;2026-10-08 03:30:01 UTC;-1;10.50;6.48;12.52;11.81;0.00;58.69
vmi3407579;598;2026-10-08 03:40:00 UTC;-1;11.02;13.50;14.77;9.50;0.00;51.21
vmi3407579;601;2026-10-08 03:50:00 UTC;-1;19.76;11.55;17.05;18.05;0.00;33.59
vmi3407579;600;2026-10-08 04:00:01 UTC;-1;16.99;20.48;19.24;17.48;0.00;25.81
vmi3407579;601;2026-10-08 04:10:02 UTC;-1;15.68;17.58;18.52;19.03;0.00;29.19
vmi3407579;601;2026-10-08 04:20:02 UTC;-1;13.56;15.36;15.96;18.06;0.00;37.06
vmi3407579;599;2026-10-08 04:30:01 UTC;-1;17.16;12.81;14.50;16.71;0.00;38.83
vmi3407579;599;2026-10-08 04:40:00 UTC;-1;33.37;14.93;22.11;20.21;0.00;9.37
vmi3407579;601;2026-10-08 04:50:01 UTC;-1;28.02;35.69;21.29;10.01;0.00;5.00
vmi3407579;601;2026-10-08 05:00:02 UTC;-1;34.35;29.04;20.57;11.91;0.00;4.14
vmi3407579;598;2026-10-08 05:10:00 UTC;-1;30.81;45.19;19.01;3.65;0.00;1.35
vmi3407579;601;2026-10-08 05:20:02 UTC;-1;25.42;53.29;16.40;3.63;0.00;1.26
vmi3407579;599;2026-10-08 05:30:01 UTC;-1;23.97;52.40;14.83;6.27;0.00;2.53
vmi3407579;601;2026-10-08 05:40:02 UTC;-1;25.66;54.05;13.23;3.99;0.00;3.06
vmi3407579;599;2026-10-08 05:50:02 UTC;-1;21.18;61.98;11.03;2.43;0.00;3.38
vmi3407579;599;2026-10-08 06:00:00 UTC;-1;23.93;59.09;11.56;1.71;0.00;3.71
vmi3407579;601;2026-10-08 06:10:02 UTC;-1;32.93;49.32;14.42;1.27;0.00;2.06
vmi3407579;600;2026-10-08 06:20:02 UTC;-1;38.66;41.49;16.29;2.07;0.00;1.48
vmi3407579;600;2026-10-08 06:30:02 UTC;-1;43.76;36.61;15.91;2.08;0.00;1.64
vmi3407579;599;2026-10-08 06:40:01 UTC;-1;22.24;53.89;13.20;4.24;0.00;6.43
vmi3407579;601;2026-10-08 06:50:02 UTC;-1;20.20;57.55;10.27;2.82;0.00;9.15
vmi3407579;600;2026-10-08 07:00:01 UTC;-1;16.38;71.00;6.99;0.18;0.00;5.46
vmi3407579;600;2026-10-08 07:10:01 UTC;-1;16.48;78.14;4.52;0.04;0.00;0.82
vmi3407579;599;2026-10-08 07:20:01 UTC;-1;15.55;75.58;5.73;1.35;0.00;1.79
vmi3407579;600;2026-10-08 07:30:00 UTC;-1;27.74;53.60;11.55;2.28;0.00;4.83
vmi3407579;600;2026-10-08 07:40:00 UTC;-1;37.67;42.14;16.29;2.74;0.00;1.15
vmi3407579;601;2026-10-08 07:50:02 UTC;-1;24.60;60.62;12.74;1.18;0.00;0.85
vmi3407579;599;2026-10-08 08:00:00 UTC;-1;37.45;49.97;12.13;0.22;0.00;0.23
vmi3407579;600;2026-10-08 08:10:00 UTC;-1;26.31;64.29;9.18;0.13;0.00;0.10
vmi3407579;601;2026-10-08 08:20:01 UTC;-1;16.06;70.86;11.19;1.13;0.00;0.76
vmi3407579;600;2026-10-08 08:30:02 UTC;-1;23.11;61.74;12.73;1.55;0.00;0.86
vmi3407579;600;2026-10-08 08:40:02 UTC;-1;16.96;65.67;15.24;1.48;0.00;0.65
vmi3407579;599;2026-10-08 08:50:01 UTC;-1;18.68;66.65;13.66;0.68;0.00;0.33
vmi3407579;599;2026-10-08 09:00:00 UTC;-1;19.16;63.92;16.09;0.48;0.00;0.35
vmi3407579;600;2026-10-08 09:10:00 UTC;-1;22.35;52.73;19.94;4.47;0.00;0.51
vmi3407579;602;2026-10-08 09:20:02 UTC;-1;18.69;51.51;17.21;11.34;0.00;1.24
vmi3407579;598;2026-10-08 09:30:01 UTC;-1;11.73;50.95;16.42;20.08;0.00;0.83
vmi3407579;600;2026-10-08 09:40:00 UTC;-1;31.06;48.60;16.77;3.09;0.00;0.48
vmi3407579;601;2026-10-08 09:50:01 UTC;-1;38.69;48.51;12.71;0.04;0.00;0.06
vmi3407579;599;2026-10-08 10:00:01 UTC;-1;21.29;65.34;13.02;0.18;0.00;0.17
vmi3407579;599;2026-10-08 10:10:00 UTC;-1;14.18;70.83;13.82;0.47;0.00;0.71
vmi3407579;602;2026-10-08 10:20:02 UTC;-1;8.51;79.87;10.28;0.51;0.00;0.82
vmi3407579;599;2026-10-08 10:30:01 UTC;-1;10.77;61.71;8.48;0.73;0.00;18.31
vmi3407579;600;2026-10-08 10:40:01 UTC;-1;6.74;66.86;9.80;0.35;0.00;16.24
vmi3407579;599;2026-10-08 10:50:01 UTC;-1;12.51;78.88;6.85;0.06;0.00;1.69
vmi3407579;599;2026-10-08 11:00:00 UTC;-1;2.35;69.07;6.52;0.37;0.00;21.69
vmi3407579;601;2026-10-08 11:10:01 UTC;-1;3.27;47.61;3.06;0.15;0.00;45.91
vmi3407579;600;2026-10-08 11:20:01 UTC;-1;3.43;61.68;1.69;0.19;0.00;33.00
vmi3407579;599;2026-10-08 11:30:00 UTC;-1;4.79;74.52;3.44;0.27;0.00;16.98
vmi3407579;601;2026-10-08 11:40:01 UTC;-1;3.53;45.24;2.17;0.23;0.00;48.83
vmi3407579;601;2026-10-08 11:50:01 UTC;-1;1.50;10.71;0.68;0.04;0.00;87.07
