# hostname;interval;timestamp;kbmemfree;kbavail;kbmemused;%memused;kbbuffers;kbcached;kbcommit;%commit;kbactive;kbinact;kbdirty
vmi3407579;600;2026-10-06 22:10:01 UTC;14154924;19096672;4546992;18.48;37712;2803228;11034440;26.66;5330976;1858720;132
vmi3407579;600;2026-10-06 22:20:01 UTC;16010596;19084752;4558936;18.53;14836;958488;10763252;26.01;4949116;391024;360
vmi3407579;599;2026-10-06 22:30:00 UTC;15659020;19064920;4578700;18.61;27024;1278092;10772716;26.03;5243484;442488;488
vmi3407579;601;2026-10-06 22:40:01 UTC;15507540;19116016;4527632;18.40;40628;1466968;10736568;25.94;5199464;641440;428
vmi3407579;600;2026-10-06 22:50:01 UTC;15479488;19094704;4549020;18.49;41944;1472368;10727728;25.92;5201152;644200;312
vmi3407579;600;2026-10-06 23:00:01 UTC;15449612;19067824;4576068;18.60;43860;1473504;10761384;26.00;5240832;646624;28
vmi3407579;600;2026-10-06 23:10:00 UTC;14155076;19115020;4528688;18.40;59712;2799356;10714692;25.89;5312556;1877136;512
vmi3407579;601;2026-10-06 23:20:01 UTC;16027252;19102252;4541508;18.45;11336;962852;10727532;25.92;4926176;384664;128
vmi3407579;600;2026-10-06 23:30:01 UTC;15695492;19094344;4549440;18.49;19388;1278652;10780764;26.05;5217772;430176;288
vmi3407579;600;2026-10-06 23:40:01 UTC;15705584;19113516;4530272;18.41;23224;1283848;10717288;25.90;5213584;437120;20
vmi3407579;599;2026-10-06 23:50:00 UTC;15500188;19097368;4546368;18.47;25328;1470976;10725644;25.92;5219732;626120;60
vmi3407579;601;2026-10-07 00:00:01 UTC;15480668;19082912;4560864;18.53;27764;1473576;10738780;25.95;5227440;630424;340
vmi3407579;600;2026-10-07 00:10:01 UTC;14199560;19129368;4514400;18.34;29684;2799200;10721644;25.91;5327732;1847592;424
vmi3407579;599;2026-10-07 00:20:00 UTC;16048624;19126436;4516880;18.35;12288;964884;10734824;25.94;4927664;389448;812
vmi3407579;601;2026-10-07 00:30:00 UTC;15625068;19080960;4562600;18.54;51560;1303388;10732696;25.93;5221908;486980;220
vmi3407579;601;2026-10-07 00:40:01 UTC;15638200;19099908;4543688;18.46;52504;1308208;10720308;25.90;5217460;489108;284
vmi3407579;601;2026-10-07 00:50:01 UTC;15469972;19103096;4540544;18.45;53304;1478800;10739664;25.95;5220900;659804;4
vmi3407579;600;2026-10-07 01:00:02 UTC;15087932;19086460;4557260;18.52;61664;1835816;10772636;26.03;5250776;1010788;556
vmi3407579;599;2026-10-07 01:10:00 UTC;13773388;19096888;4546824;18.48;62784;3159652;10730824;25.93;5349348;2225980;384
vmi3407579;601;2026-10-07 01:20:01 UTC;16021804;19098576;4545064;18.47;11508;964180;10729208;25.92;4939612;386648;552
vmi3407579;599;2026-10-07 01:30:00 UTC;15675276;19083216;4560212;18.53;24260;1282588;10739876;25.95;5231732;437668;764
vmi3407579;601;2026-10-07 01:40:01 UTC;15482864;19085704;4557852;18.52;26764;1474944;10722272;25.91;5212288;629040;116
vmi3407579;600;2026-10-07 01:50:01 UTC;15495556;19101244;4542392;18.46;28220;1476348;10751172;25.98;5207728;631220;120
vmi3407579;600;2026-10-07 02:00:01 UTC;15434556;19054136;4589540;18.65;31304;1487104;10758708;26.00;5255544;642032;608
vmi3407579;599;2026-10-07 02:10:00 UTC;10904824;19163980;4479592;18.20;785956;5327252;10936380;26.43;6219340;4161212;4
vmi3407579;602;2026-10-07 02:20:02 UTC;15323008;18696136;4946496;20.10;19768;1251068;11487448;27.76;5618500;402852;132
vmi3407579;599;2026-10-07 02:30:01 UTC;14510236;18312624;5330212;21.66;84312;1615800;11816764;28.55;5973588;790784;10276
vmi3407579;599;2026-10-07 02:40:00 UTC;14287412;18716700;4926016;20.02;101068;2225868;11432808;27.62;5855384;1193852;580
vmi3407579;601;2026-10-07 02:50:00 UTC;10422560;17101680;6540480;26.58;376672;4166328;13494736;32.61;8131320;2714392;2532
vmi3407579;600;2026-10-07 03:00:00 UTC;10312768;17452712;6188856;25.15;413440;4571060;12971036;31.34;7907544;2995876;12284
vmi3407579;601;2026-10-07 03:10:02 UTC;10566228;17953168;5688456;23.12;312528;4939716;12645412;30.55;7665204;3069380;20508
vmi3407579;600;2026-10-07 03:20:01 UTC;13015144;17041828;6600280;26.82;122212;1791056;14307076;34.57;5666984;2623784;26160
vmi3407579;599;2026-10-07 03:30:00 UTC;12987340;17722380;5900104;23.98;226448;2409252;16727268;40.42;5464796;2858056;7880
vmi3407579;601;2026-10-07 03:40:02 UTC;13049492;18154012;5488028;22.30;245712;2740828;12313580;29.75;5288504;2961408;300
vmi3407579;600;2026-10-07 03:50:01 UTC;12351516;17702336;5940052;24.14;253108;2979776;12917916;31.21;5754360;3189936;404
vmi3407579;599;2026-10-07 04:00:00 UTC;12804556;18160100;5482360;22.28;254156;2983552;12331880;29.80;5306968;3193416;164
vmi3407579;600;2026-10-07 04:10:01 UTC;11200520;17920832;5721268;23.25;262856;4339848;12572556;30.38;5673928;4431312;384
vmi3407579;600;2026-10-07 04:20:01 UTC;14756640;17889808;5752672;23.38;24308;1011300;12572004;30.38;4710708;1865364;376
vmi3407579;600;2026-10-07 04:30:01 UTC;14179656;17659048;5954152;24.20;67772;1341332;18132672;43.81;5175108;1938384;8788
vmi3407579;601;2026-10-07 04:40:02 UTC;9660620;17989488;5652712;22.97;1028804;5134688;12468328;30.13;7275652;4318968;19112
vmi3407579;600;2026-10-07 04:50:01 UTC;9747268;17503956;6137380;24.94;1102400;4413716;13049116;31.53;7782868;3639428;2716
vmi3407579;600;2026-10-07 05:00:01 UTC;14498140;19501640;4342348;17.65;132056;2546540;13045156;31.52;2338600;4462548;468
vmi3407579;600;2026-10-07 05:10:00 UTC;13332964;20285728;3538060;14.38;104680;4544056;12437992;30.05;2391312;5576980;16
vmi3407579;601;2026-10-07 05:20:01 UTC;15903116;19388844;4434808;18.02;21288;1189872;13110144;31.68;2838760;2544364;1492
vmi3407579;600;2026-10-07 05:30:01 UTC;12300836;18211880;5609580;22.80;501624;3115924;14396896;34.79;4730100;4159232;18564
vmi3407579;598;2026-10-07 05:40:00 UTC;15961284;19924460;3920132;15.93;101744;1742080;15895328;38.41;3332680;2035180;174860
vmi3407579;601;2026-10-07 05:50:00 UTC;14503192;20016556;3828676;15.56;162972;3212536;13835120;33.43;3752632;3196536;952
vmi3407579;600;2026-10-07 06:00:01 UTC;14445768;20077156;3768128;15.31;170716;3321072;13734920;33.19;3749620;3282284;304
vmi3407579;601;2026-10-07 06:10:02 UTC;13306020;20230300;3615212;14.69;177432;4604628;13929880;33.66;3879044;4265260;608
vmi3407579;599;2026-10-07 06:20:00 UTC;16509384;20049900;3793712;15.42;29456;1208672;13844560;33.45;3401544;1211232;520
vmi3407579;600;2026-10-07 06:30:01 UTC;14415012;18860536;4960720;20.16;67872;2093188;19714952;47.64;5314128;1530392;1592
vmi3407579;600;2026-10-07 06:40:01 UTC;14612356;19840260;4000600;16.26;116944;2805736;13968172;33.75;4589956;2047364;13548
vmi3407579;600;2026-10-07 06:50:01 UTC;14483100;20113144;3728440;15.15;134428;3189252;13709308;33.13;4383992;2436360;848
vmi3407579;601;2026-10-07 07:00:01 UTC;10515960;18560492;5280976;21.46;87276;5642208;16893044;40.82;6287328;4328512;18624
vmi3407579;599;2026-10-07 07:10:01 UTC;9597672;19939088;3869044;15.72;112500;7929992;17917148;43.29;5726552;5953080;756
vmi3407579;600;2026-10-07 07:20:01 UTC;17546188;20795724;3046148;12.38;18992;925364;13129872;31.73;2113968;1658524;532
vmi3407579;600;2026-10-07 07:30:01 UTC;15871648;19938072;3883504;15.78;70196;1709528;17936844;43.34;3609260;1807324;1588
vmi3407579;601;2026-10-07 07:40:01 UTC;15769048;20190824;3650688;14.84;109156;2007404;13430260;32.45;3359164;2134876;10428
vmi3407579;600;2026-10-07 07:50:01 UTC;14290384;19794596;4046468;16.44;937860;2226320;13993280;33.81;3895924;3065904;460
vmi3407579;599;2026-10-07 08:00:01 UTC;9534988;17649236;6184800;25.13;970620;4769428;17723876;42.83;6484636;5180392;20248
vmi3407579;600;2026-10-07 08:10:01 UTC;19231840;22119428;1728812;7.03;21480;732688;14063512;33.98;1564864;629536;304
vmi3407579;601;2026-10-07 08:20:02 UTC;18538784;21597896;2250156;9.14;15612;915244;13681376;33.06;2285404;682280;180
vmi3407579;600;2026-10-07 08:30:01 UTC;17697060;21292484;2537920;10.31;60316;1424256;18144492;43.84;2928160;858268;568
vmi3407579;599;2026-10-07 08:40:01 UTC;17529956;21850388;1997692;8.12;618804;1562792;13343648;32.24;2476548;1464160;1728
vmi3407579;600;2026-10-07 08:50:00 UTC;14575692;21605972;2241952;9.11;953492;3925212;13695788;33.09;2949652;3948120;4288
vmi3407579;602;2026-10-07 09:00:02 UTC;12744100;20980216;2867916;11.65;809588;5272976;15981412;38.62;4447800;4260152;2328
vmi3407579;599;2026-10-07 09:10:01 UTC;13480668;21244536;2603784;10.58;357004;5260640;13973980;33.77;3882676;4087852;3592
vmi3407579;600;2026-10-07 09:20:01 UTC;18348304;21339756;2508356;10.19;35536;828756;13919352;33.63;2623216;528968;588
vmi3407579;600;2026-10-07 09:30:01 UTC;15993968;20795836;3023060;12.28;145852;2554676;19718860;47.65;3710196;1760508;9208
vmi3407579;599;2026-10-07 09:40:00 UTC;15479932;21137672;2708304;11.01;182204;3342824;13984116;33.79;3598696;2404656;1808
vmi3407579;601;2026-10-07 09:50:00 UTC;15397508;21273672;2572936;10.46;226852;3516024;13999568;33.83;3678548;2431928;1288
vmi3407579;601;2026-10-07 10:00:01 UTC;14771040;21230248;2616468;10.63;234536;4089772;13940044;33.68;3756040;2956632;16
vmi3407579;600;2026-10-07 10:10:01 UTC;13337632;21284236;2562376;10.41;648556;5153588;14012392;33.86;3842376;4313488;1536
vmi3407579;600;2026-10-07 10:20:01 UTC;17009788;20538864;3307592;13.44;23324;1378092;14901116;36.01;3428356;1014824;2120
vmi3407579;599;2026-10-07 10:30:00 UTC;14652548;19756208;4072756;16.55;96088;2883644;21718672;52.48;4822468;1841932;21092
vmi3407579;601;2026-10-07 10:40:01 UTC;13249372;19960100;3883356;15.78;150448;4405452;16391940;39.61;4873068;3302656;9124
vmi3407579;600;2026-10-07 10:50:01 UTC;12542192;20614604;3235772;13.15;226548;5691472;12854560;31.06;4378148;4563252;18428
vmi3407579;600;2026-10-07 11:00:01 UTC;12274616;20759680;3090840;12.56;175068;6146096;12295880;29.71;6148636;3047580;632
vmi3407579;600;2026-10-07 11:10:01 UTC;11272880;20052316;3764240;15.30;183368;6464308;16513044;39.90;7056632;3090348;276
vmi3407579;599;2026-10-07 11:20:01 UTC;17453340;20745604;3105272;12.62;27168;1139224;10415940;25.17;2418484;1564436;5572
vmi3407579;601;2026-10-07 11:30:01 UTC;12940912;18516012;5296220;21.52;124440;3352188;23516580;56.82;5164292;3319716;8924
vmi3407579;600;2026-10-07 11:40:02 UTC;5720908;12672428;11170616;45.39;180708;4613768;22509800;54.39;12011188;3567644;187568
vmi3407579;600;2026-10-07 11:50:02 UTC;10222060;16956896;6882388;27.97;174656;4409960;21058284;50.88;8308696;2792056;73116
vmi3407579;598;2026-10-07 12:00:00 UTC;9201304;16205836;7635868;31.03;202216;4644692;20109024;48.59;9062988;3065532;516
vmi3407579;601;2026-10-07 12:10:01 UTC;12046612;20033776;3812160;15.49;210016;5627652;12188496;29.45;6106196;3343252;50860
vmi3407579;600;2026-10-07 12:20:02 UTC;16353472;20359564;3486804;14.17;19828;1859804;11878544;28.70;2959948;2211040;784
vmi3407579;600;2026-10-07 12:30:01 UTC;15075196;19553768;4259944;17.31;69596;2315196;18108708;43.76;4070448;2322196;8152
vmi3407579;599;2026-10-07 12:40:01 UTC;15778028;20298336;3547756;14.42;84956;2309308;11982360;28.95;3390660;2357140;844
vmi3407579;600;2026-10-07 12:50:00 UTC;14866052;19838328;4007740;16.29;103100;2743264;12359968;29.87;3945416;2686524;380
vmi3407579;600;2026-10-07 13:00:00 UTC;15096032;20157712;3688420;14.99;131792;2804108;12062992;29.15;3817724;2593976;296
vmi3407579;601;2026-10-07 13:10:01 UTC;13984512;20142072;3704224;15.05;136260;3895728;11992716;28.98;3937180;3574960;468
vmi3407579;600;2026-10-07 13:20:01 UTC;16734116;20105884;3740172;15.20;27084;1219556;12009216;29.02;3523664;1248356;420
vmi3407579;600;2026-10-07 13:30:01 UTC;16246572;19940736;3877304;15.76;46768;1550116;17617812;42.57;3946912;1299060;7712
vmi3407579;599;2026-10-07 13:40:00 UTC;15922320;19934144;3911320;15.89;98904;1788048;12214768;29.51;4010068;1528576;4768
vmi3407579;599;2026-10-07 13:50:00 UTC;16068576;20336360;3509100;14.26;110312;2032716;11867756;28.68;3662352;1771244;944
vmi3407579;602;2026-10-07 14:00:01 UTC;15261564;19613160;4232344;17.20;126576;2100324;12815948;30.97;4410196;1836312;4692
vmi3407579;600;2026-10-07 14:10:01 UTC;12987280;19992596;3852612;15.66;199752;4661888;12528768;30.27;4813984;3670636;644
vmi3407579;599;2026-10-07 14:20:00 UTC;15992612;19811016;4034116;16.39;34608;1658856;12518004;30.25;3993212;1489196;225384
vmi3407579;600;2026-10-07 14:30:00 UTC;14400636;18830632;4997488;20.31;72920;2246044;20588500;49.75;5279816;1741032;6064
vmi3407579;601;2026-10-07 14:40:01 UTC;11493208;18613112;5227712;21.24;135544;4829588;14720932;35.57;6646436;3263876;4508
vmi3407579;601;2026-10-07 14:50:02 UTC;11744252;18821832;5020240;20.40;163904;4764564;15949068;38.54;6724744;2989744;1376
vmi3407579;598;2026-10-07 15:00:00 UTC;11438832;18102368;5739100;23.32;218676;4277920;16429504;39.70;6514864;3348888;9684
vmi3407579;601;2026-10-07 15:10:01 UTC;9527224;17748484;6057880;24.62;155304;5894200;22375640;54.07;6775144;4667972;642060
vmi3407579;600;2026-10-07 15:20:01 UTC;14477336;18571628;5270420;21.42;114032;1845524;15561328;37.60;4705128;2041492;3680
vmi3407579;600;2026-10-07 15:30:01 UTC;11622428;19850444;3991880;16.22;170348;5865444;14832312;35.84;5757992;3986456;401804
vmi3407579;599;2026-10-07 15:40:00 UTC;11483004;19578388;4264488;17.33;189624;5718196;15053060;36.37;6132996;3724288;538256
vmi3407579;601;2026-10-07 15:50:01 UTC;13281652;19496592;4346704;17.66;216716;3851852;14149824;34.19;6327752;1830052;6748
vmi3407579;599;2026-10-07 16:00:00 UTC;12906300;19524876;4318016;17.55;441644;4030508;13962580;33.74;6265712;2267972;1180
vmi3407579;601;2026-10-07 16:10:01 UTC;12174400;19431592;4411520;17.93;447832;4662984;14194504;34.30;6069452;3215300;1056
vmi3407579;599;2026-10-07 16:20:00 UTC;11802060;18873456;4969108;20.19;60404;4822036;15808172;38.20;6513744;2993244;699592
vmi3407579;601;2026-10-07 16:30:01 UTC;13830124;19501180;4342568;17.65;127884;3372152;14377900;34.74;6014260;1599616;1284
vmi3407579;599;2026-10-07 16:40:00 UTC;13953860;19640852;4203064;17.08;131452;3384524;14318828;34.60;5870540;1614420;20
vmi3407579;601;2026-10-07 16:50:01 UTC;13929620;19883740;3960172;16.09;142972;3640156;13882988;33.55;5663292;1875880;1208
vmi3407579;600;2026-10-07 17:00:01 UTC;13577672;19596036;4247996;17.26;152320;3695048;14295516;34.54;5912964;1930336;764
vmi3407579;600;2026-10-07 17:10:02 UTC;12351428;19522528;4321168;17.56;163792;4836312;14397592;34.79;6116312;2976776;1376
vmi3407579;600;2026-10-07 17:20:01 UTC;16418612;19481992;4362036;17.73;37200;892808;14246412;34.42;4497816;562888;180
vmi3407579;598;2026-10-07 17:30:00 UTC;16451368;19801248;4042932;16.43;70092;1146376;14685872;35.49;4220940;813764;1064
vmi3407579;602;2026-10-07 17:40:01 UTC;16305536;19712384;4131684;16.79;99016;1174436;13784636;33.31;4322088;855664;788
vmi3407579;599;2026-10-07 17:50:01 UTC;15360900;19316084;4527924;18.40;117288;1704536;14480836;34.99;4944112;1144620;576
vmi3407579;600;2026-10-07 18:00:00 UTC;15492588;19411716;4432044;18.01;124408;1661296;14777204;35.71;4869592;1104412;120
vmi3407579;603;2026-10-07 18:10:03 UTC;14169556;19316332;4527812;18.40;127808;2885592;14331696;34.63;5058972;2224808;1012
vmi3407579;599;2026-10-07 18:20:02 UTC;16639920;19680184;4163964;16.92;29660;877260;13964788;33.74;4298480;540788;1064
vmi3407579;599;2026-10-07 18:30:01 UTC;16208008;19472140;4372080;17.77;53984;1076776;15125384;36.55;4594068;682752;2396
vmi3407579;600;2026-10-07 18:40:02 UTC;11020496;19224788;4614416;18.75;346756;5524256;14959672;36.15;5109432;5163684;288
vmi3407579;599;2026-10-07 18:50:01 UTC;10694220;19754952;4084264;16.60;350988;6380740;13754400;33.23;4626604;5960008;784
vmi3407579;600;2026-10-07 19:00:00 UTC;10239720;19354504;4484384;18.22;361680;6423244;14353468;34.68;5011084;6012016;620
vmi3407579;601;2026-10-07 19:10:01 UTC;8898156;19361600;4477188;18.19;374312;7759772;14499148;35.03;5129912;7260740;696
vmi3407579;600;2026-10-07 19:20:02 UTC;16352228;19725992;4117856;16.73;29828;1109132;13805136;33.36;4319624;698848;340
vmi3407579;600;2026-10-07 19:30:01 UTC;16057272;19598800;4245168;17.25;82576;1225696;15204520;36.74;4487832;850292;268
vmi3407579;599;2026-10-07 19:40:00 UTC;15670764;19334952;4508448;18.32;170904;1259484;14389672;34.77;4762644;952856;1212
vmi3407579;601;2026-10-07 19:50:01 UTC;11958744;19188524;4653416;18.91;1036316;4040404;18032356;43.57;7495684;1984696;59884
vmi3407579;601;2026-10-07 20:00:01 UTC;12621220;19744052;4099056;16.66;1046444;3923480;13965728;33.75;6982864;1835496;2796
vmi3407579;600;2026-10-07 20:10:01 UTC;12016060;19141484;4701920;19.11;1047152;3923524;15159752;36.63;8253080;1197280;68
vmi3407579;600;2026-10-07 20:20:02 UTC;16292616;19489228;4354288;17.69;20852;1040608;14967744;36.17;4583500;629236;640
vmi3407579;600;2026-10-07 20:30:01 UTC;16328092;19555500;4288248;17.43;36776;1055528;14566876;35.20;4499640;655704;696
vmi3407579;600;2026-10-07 20:40:01 UTC;16483972;19774236;4069468;16.54;55560;1099452;13857620;33.48;4305264;700588;944
vmi3407579;599;2026-10-07 20:50:00 UTC;15819524;19641388;4202384;17.08;80088;1606544;16508900;39.89;4696316;953600;57844
vmi3407579;601;2026-10-07 21:00:01 UTC;15315720;19290624;4552796;18.50;96420;1742968;16342104;39.49;5059732;1072004;58040
vmi3407579;602;2026-10-07 21:10:02 UTC;14588528;19869968;3973568;16.15;102756;3042948;13945876;33.70;4590832;2320400;512
vmi3407579;599;2026-10-07 21:20:02 UTC;16053524;19453076;4390608;17.84;24244;1239592;15155404;36.62;4787116;660172;824
vmi3407579;599;2026-10-07 21:30:00 UTC;16066616;19611936;4231388;17.19;76488;1333164;15005548;36.26;4670500;757096;728
vmi3407579;602;2026-10-07 21:40:02 UTC;13642948;19431440;4412288;17.93;97516;3516736;15147028;36.60;4926404;2883860;376
vmi3407579;599;2026-10-07 21:50:01 UTC;13410440;19440204;4403688;17.89;100080;3754804;15155948;36.62;4913460;3122824;756
# hostname;interval;timestamp;kbmemfree;kbavail;kbmemused;%memused;kbbuffers;kbcached;kbcommit;%commit;kbactive;kbinact;kbdirty
vmi3407579;599;2026-10-07 22:10:00 UTC;11800008;19358856;4484860;18.22;130652;5249272;15213316;36.76;5079972;4538236;6312
vmi3407579;601;2026-10-07 22:20:01 UTC;16330944;19711784;4131868;16.79;28732;1214916;14727660;35.59;4560160;587024;4652
vmi3407579;601;2026-10-07 22:30:02 UTC;15947976;19496640;4347128;17.67;62992;1348164;15199772;36.73;4743316;743888;7204
vmi3407579;600;2026-10-07 22:40:02 UTC;15614088;19448712;4395148;17.86;83328;1613724;15160180;36.63;4913852;957996;280
vmi3407579;598;2026-10-07 22:50:00 UTC;14528868;19470196;4373744;17.77;89504;2714248;16227664;39.21;4941148;2001640;23856
vmi3407579;601;2026-10-07 23:00:02 UTC;14730492;19645352;4198472;17.06;98340;2678628;14781700;35.72;4759160;1988152;828
vmi3407579;599;2026-10-07 23:10:01 UTC;12955164;19293248;4550848;18.49;102004;4097956;15259072;36.87;5228104;3306180;11988
vmi3407579;600;2026-10-07 23:20:01 UTC;16590476;19676044;4167780;16.94;37504;909696;14752668;35.65;4316244;556492;668
vmi3407579;600;2026-10-07 23:30:01 UTC;16109760;19511008;4333180;17.61;66104;1196732;16594052;40.10;4741832;612452;23792
vmi3407579;600;2026-10-07 23:40:01 UTC;16252996;19751680;4092308;16.63;81816;1278244;14720024;35.57;4526820;710792;700
vmi3407579;601;2026-10-07 23:50:02 UTC;15993424;19675288;4168816;16.94;88780;1454408;14752024;35.65;4545864;893040;8692
vmi3407579;599;2026-10-08 00:00:01 UTC;15933448;19677356;4166812;16.93;99292;1505516;14944256;36.11;4599520;940972;944
vmi3407579;598;2026-10-08 00:10:00 UTC;13788740;19085028;4758832;19.34;105364;3051560;15935960;38.51;5133996;2378500;844
vmi3407579;603;2026-10-08 00:20:02 UTC;16354416;19621652;4221628;17.16;45724;1082292;15727252;38.00;4593672;544616;4520
vmi3407579;598;2026-10-08 00:30:00 UTC;15731804;19355412;4488660;18.24;88228;1395444;14982820;36.20;4970768;775208;696
vmi3407579;600;2026-10-08 00:40:01 UTC;16098552;19738440;4105624;16.68;98680;1401404;14365116;34.71;4503492;787784;9592
vmi3407579;601;2026-10-08 00:50:01 UTC;15660416;19744396;4099184;16.66;104980;1838628;14304288;34.56;4593468;1227836;10832
vmi3407579;599;2026-10-08 01:00:00 UTC;15487212;19466656;4377248;17.79;110140;1729020;14729520;35.59;4874700;1115976;852
vmi3407579;600;2026-10-08 01:10:00 UTC;14416784;19768204;4075916;16.56;112008;3099208;14383864;34.76;4679964;2382720;176
vmi3407579;601;2026-10-08 01:20:01 UTC;17030956;20080492;3763656;15.29;14064;895276;13904384;33.60;3949860;512596;492
vmi3407579;600;2026-10-08 01:30:01 UTC;16992176;20062608;3781484;15.37;17428;912712;13924352;33.65;3971696;522220;236
vmi3407579;601;2026-10-08 01:40:02 UTC;16795476;20092652;3751404;15.24;21032;1135852;13903176;33.59;3954188;745432;268
vmi3407579;599;2026-10-08 01:50:01 UTC;16786088;20091984;3752072;15.25;23028;1142564;13966568;33.75;3968568;753284;0
vmi3407579;599;2026-10-08 02:00:00 UTC;16439608;19811076;4033012;16.39;29556;1201520;14961020;36.15;4225376;810700;8744
vmi3407579;600;2026-10-08 02:10:00 UTC;14821672;19795676;4048496;16.45;40980;2792612;14307484;34.57;4582276;2086008;16
vmi3407579;602;2026-10-08 02:20:02 UTC;16753760;19812132;4032200;16.39;15208;902736;14343328;34.66;4211156;515924;296
vmi3407579;599;2026-10-08 02:30:01 UTC;16426832;19792108;4052040;16.47;31812;1193048;15200564;36.73;4251248;817176;1160
vmi3407579;600;2026-10-08 02:40:01 UTC;16115148;19765732;4078400;16.57;72084;1437916;14345972;34.66;4268640;1083620;408
vmi3407579;599;2026-10-08 02:50:01 UTC;8096872;16581720;7258688;29.50;1118172;5014396;18200932;43.98;7846588;5167588;977452
vmi3407579;600;2026-10-08 03:00:01 UTC;6062984;15814144;8021068;32.59;1217452;6252808;19616232;47.40;9205852;6024016;20784
vmi3407579;600;2026-10-08 03:10:01 UTC;3875724;17642236;6190180;25.15;1229136;10205284;16634648;40.19;7321028;9936888;523956
vmi3407579;600;2026-10-08 03:20:01 UTC;13136704;17788272;6050396;24.59;99764;2388392;16802652;40.60;6406020;1772656;329188
vmi3407579;600;2026-10-08 03:30:01 UTC;8507816;17514640;6323668;25.70;471144;6214208;17207092;41.58;7343300;5400252;12648
vmi3407579;598;2026-10-08 03:40:00 UTC;7489556;17442684;6395528;25.99;579008;6999208;16979496;41.03;7632796;6073884;81712
vmi3407579;601;2026-10-08 03:50:00 UTC;6373348;16962136;6875344;27.94;742276;7378108;19091132;46.13;7942020;6777204;355020
vmi3407579;600;2026-10-08 04:00:01 UTC;6079700;16858464;6977016;28.35;809704;7472828;19510280;47.14;8203932;6794276;16436
vmi3407579;601;2026-10-08 04:10:02 UTC;5491404;17119132;6710836;27.27;835736;8291452;16991504;41.06;7940648;7647136;22256
vmi3407579;601;2026-10-08 04:20:02 UTC;13088696;17876344;5959368;24.22;96764;2290076;16144392;39.01;6575972;1526844;341000
vmi3407579;599;2026-10-08 04:30:01 UTC;10740404;16541972;7290308;29.63;258172;3137644;26829804;64.83;8104496;2179148;103088
vmi3407579;599;2026-10-08 04:40:00 UTC;967540;11564656;12209076;49.61;1474852;6413024;27186652;65.69;13043808;6668028;41400
vmi3407579;601;2026-10-08 04:50:01 UTC;1593576;13635840;10136536;41.19;1629628;7627092;22051208;53.28;11110012;7967408;5192
vmi3407579;601;2026-10-08 05:00:02 UTC;1716984;12214560;11587148;47.09;886912;6751312;25413940;61.41;9750888;9094164;33356
vmi3407579;598;2026-10-08 05:10:00 UTC;1238012;11302300;12496464;50.78;1092892;6168324;24525944;59.26;11638108;7775436;13332
vmi3407579;601;2026-10-08 05:20:02 UTC;9885452;14311228;9497532;38.59;160724;1634248;16167960;39.07;9816644;1197480;22728
vmi3407579;599;2026-10-08 05:30:01 UTC;9616720;15911440;7898484;32.10;477876;3162788;13911516;33.61;8510284;2683296;12480
vmi3407579;601;2026-10-08 05:40:02 UTC;9440304;16590808;7221028;29.34;507080;3978788;12930832;31.24;8059848;3375420;28508
vmi3407579;599;2026-10-08 05:50:02 UTC;9905400;17021232;6791004;27.60;507888;3944304;14464644;34.95;7615336;3293292;16348
vmi3407579;599;2026-10-08 06:00:00 UTC;8771984;16518996;7293504;29.64;509360;4572996;19344208;46.74;8245388;3748744;30736
vmi3407579;601;2026-10-08 06:10:02 UTC;407296;14358956;9216004;37.45;273848;11270804;37421844;90.42;11888444;8471084;990960
vmi3407579;600;2026-10-08 06:20:02 UTC;5509432;11476548;12082580;49.10;103872;3594072;21838908;52.77;9543056;5842856;371940
vmi3407579;600;2026-10-08 06:30:02 UTC;2792556;17868208;5880948;23.90;307996;12092568;16862068;40.74;9294276;8694100;26656
vmi3407579;599;2026-10-08 06:40:01 UTC;12428856;18192376;5589728;22.71;435904;2898972;11711416;28.30;5350748;3307696;744
vmi3407579;601;2026-10-08 06:50:02 UTC;12855512;18689388;5093332;20.70;438068;2970596;11216764;27.10;5003188;3237988;3664
vmi3407579;600;2026-10-08 07:00:01 UTC;12216024;18183996;5599368;22.75;458020;3089192;11700180;28.27;5767344;3088032;1012
vmi3407579;600;2026-10-08 07:10:01 UTC;10789492;17985728;5761220;23.41;491072;4320900;15366616;37.13;6105612;4193520;772
vmi3407579;599;2026-10-08 07:20:01 UTC;14430212;18104608;5695388;23.14;30952;1321756;11969132;28.92;4725312;2017408;20596
vmi3407579;600;2026-10-08 07:30:00 UTC;10050832;16145012;7650884;31.09;102812;3660796;17579156;42.48;7734544;3327384;116076
vmi3407579;600;2026-10-08 07:40:00 UTC;10099420;15906648;7887156;32.05;148732;3289164;17672800;42.70;7179020;3764524;5532
vmi3407579;601;2026-10-08 07:50:02 UTC;9657544;15269580;8525140;34.64;168660;3072572;18763856;45.34;7921120;3459824;8516
vmi3407579;599;2026-10-08 08:00:00 UTC;8557552;14507228;9287588;37.74;148568;3429188;19922356;48.14;8932520;3356904;18956
vmi3407579;600;2026-10-08 08:10:00 UTC;9160048;15859868;7936020;32.25;184896;4132444;16598004;40.11;9015116;2884096;39616
vmi3407579;601;2026-10-08 08:20:01 UTC;11803996;15707348;8089696;32.87;145048;1424876;16587692;40.08;7522032;1834524;74340
vmi3407579;600;2026-10-08 08:30:02 UTC;9646748;14986716;8781764;35.69;246356;2774820;20500160;49.53;8742232;2751308;93388
vmi3407579;600;2026-10-08 08:40:02 UTC;9431212;15044748;8750512;35.56;250388;3023820;18929036;45.74;8924592;2762172;103264
vmi3407579;599;2026-10-08 08:50:01 UTC;9584712;16216432;7579104;30.80;260480;4027272;17486524;42.25;8082088;3494776;25096
vmi3407579;599;2026-10-08 09:00:00 UTC;6567836;13978156;9815256;39.89;125828;4906488;20667264;49.94;8628092;5923028;1019808
vmi3407579;600;2026-10-08 09:10:00 UTC;2680344;15028252;8764592;35.62;165208;9708188;20384736;49.26;8151240;9732744;588756
vmi3407579;602;2026-10-08 09:20:02 UTC;9952532;13942464;9848352;40.02;51156;1586460;23280352;56.25;6585104;4514872;51708
vmi3407579;598;2026-10-08 09:30:01 UTC;9588112;14212220;9577920;38.92;109172;2163368;23561592;56.93;9334916;2186732;9560
vmi3407579;600;2026-10-08 09:40:00 UTC;6121160;13792176;9931656;40.36;608616;4747648;20938864;50.59;10156464;4544124;128328
vmi3407579;601;2026-10-08 09:50:01 UTC;2492684;13894236;9825020;39.93;724420;8296800;20766588;50.18;9993696;7978920;25932
vmi3407579;599;2026-10-08 10:00:01 UTC;2625324;14128316;9683760;39.35;459388;8548416;23856060;57.64;12294880;6001504;38540
vmi3407579;599;2026-10-08 10:10:00 UTC;3767704;15363492;8449640;34.34;509872;8594196;20474116;49.47;11345436;5868760;19992
vmi3407579;602;2026-10-08 10:20:02 UTC;9401344;15494028;8320132;33.81;175640;3519564;20479540;49.48;7942212;3731236;9564
vmi3407579;599;2026-10-08 10:30:01 UTC;5789224;15341064;8445560;34.32;1494944;5590288;23836160;57.60;8704820;6512008;12356
vmi3407579;600;2026-10-08 10:40:01 UTC;350232;13999868;9782672;39.75;1791744;9169356;26146236;63.18;10458468;9957796;55520
vmi3407579;599;2026-10-08 10:50:01 UTC;3094148;16260084;7517600;30.55;1921984;8538584;26279692;63.50;8906664;8810772;3952
vmi3407579;599;2026-10-08 11:00:00 UTC;2791416;18216232;5570252;22.64;2112412;10568080;18229152;44.05;7244896;10766176;19664
vmi3407579;601;2026-10-08 11:10:01 UTC;3041920;18322980;5429236;22.06;2131308;10463808;15696924;37.93;7306788;10478348;1184
vmi3407579;600;2026-10-08 11:20:01 UTC;14534924;18251908;5532924;22.48;38800;1083852;12788944;30.90;5134244;1320196;176
vmi3407579;599;2026-10-08 11:30:00 UTC;12241184;18858104;4900908;19.92;187960;3872528;15965700;38.58;5382704;3303104;86164
vmi3407579;601;2026-10-08 11:40:01 UTC;11112044;19774012;4011708;16.30;1663508;4371176;11116996;26.86;4695720;5142456;4272
vmi3407579;601;2026-10-08 11:50:01 UTC;10807672;19753308;4032664;16.39;1667968;4652392;11270036;27.23;4701020;5425332;2228
