# hostname;interval;timestamp;pswpin/s;pswpout/s
vmi3407579;600;2026-10-06 22:10:01 UTC;0.00;0.00
vmi3407579;600;2026-10-06 22:20:01 UTC;0.00;0.00
vmi3407579;599;2026-10-06 22:30:00 UTC;0.00;0.00
vmi3407579;601;2026-10-06 22:40:01 UTC;0.00;0.00
vmi3407579;600;2026-10-06 22:50:01 UTC;0.01;0.00
vmi3407579;600;2026-10-06 23:00:01 UTC;0.00;0.00
vmi3407579;600;2026-10-06 23:10:00 UTC;0.00;0.00
vmi3407579;601;2026-10-06 23:20:01 UTC;0.00;0.00
vmi3407579;600;2026-10-06 23:30:01 UTC;0.00;0.00
vmi3407579;600;2026-10-06 23:40:01 UTC;0.00;0.00
vmi3407579;599;2026-10-06 23:50:00 UTC;0.00;0.00
vmi3407579;601;2026-10-07 00:00:01 UTC;0.00;0.00
vmi3407579;600;2026-10-07 00:10:01 UTC;0.00;0.00
vmi3407579;599;2026-10-07 00:20:00 UTC;0.00;0.00
vmi3407579;601;2026-10-07 00:30:00 UTC;0.00;0.00
vmi3407579;601;2026-10-07 00:40:01 UTC;0.00;0.00
vmi3407579;601;2026-10-07 00:50:01 UTC;0.00;0.00
vmi3407579;600;2026-10-07 01:00:02 UTC;0.01;0.00
vmi3407579;599;2026-10-07 01:10:00 UTC;0.00;0.00
vmi3407579;601;2026-10-07 01:20:01 UTC;0.00;0.00
vmi3407579;599;2026-10-07 01:30:00 UTC;0.00;0.00
vmi3407579;601;2026-10-07 01:40:01 UTC;0.00;0.00
vmi3407579;600;2026-10-07 01:50:01 UTC;0.00;0.00
vmi3407579;600;2026-10-07 02:00:01 UTC;0.00;0.00
vmi3407579;599;2026-10-07 02:10:00 UTC;0.00;0.00
vmi3407579;602;2026-10-07 02:20:02 UTC;0.00;0.00
vmi3407579;599;2026-10-07 02:30:01 UTC;0.00;0.00
vmi3407579;599;2026-10-07 02:40:00 UTC;0.01;0.00
vmi3407579;601;2026-10-07 02:50:00 UTC;0.03;0.00
vmi3407579;600;2026-10-07 03:00:00 UTC;0.02;0.00
vmi3407579;601;2026-10-07 03:10:02 UTC;0.18;0.21
vmi3407579;600;2026-10-07 03:20:01 UTC;0.01;0.00
vmi3407579;599;2026-10-07 03:30:00 UTC;0.00;0.00
vmi3407579;601;2026-10-07 03:40:02 UTC;0.00;0.00
vmi3407579;600;2026-10-07 03:50:01 UTC;0.00;0.00
vmi3407579;599;2026-10-07 04:00:00 UTC;0.00;0.00
vmi3407579;600;2026-10-07 04:10:01 UTC;0.00;0.00
vmi3407579;600;2026-10-07 04:20:01 UTC;0.13;0.00
vmi3407579;600;2026-10-07 04:30:01 UTC;0.00;0.00
vmi3407579;601;2026-10-07 04:40:02 UTC;0.01;0.00
vmi3407579;600;2026-10-07 04:50:01 UTC;0.71;0.00
vmi3407579;600;2026-10-07 05:00:01 UTC;7.02;788.59
vmi3407579;600;2026-10-07 05:10:00 UTC;2.53;111.70
vmi3407579;601;2026-10-07 05:20:01 UTC;54.41;0.00
vmi3407579;600;2026-10-07 05:30:01 UTC;27.97;0.00
vmi3407579;598;2026-10-07 05:40:00 UTC;336.44;3581.32
vmi3407579;601;2026-10-07 05:50:00 UTC;83.44;0.00
vmi3407579;600;2026-10-07 06:00:01 UTC;42.67;0.00
vmi3407579;601;2026-10-07 06:10:02 UTC;5.28;0.00
vmi3407579;599;2026-10-07 06:20:00 UTC;9.38;0.00
vmi3407579;600;2026-10-07 06:30:01 UTC;14.04;0.00
vmi3407579;600;2026-10-07 06:40:01 UTC;2.63;0.00
vmi3407579;600;2026-10-07 06:50:01 UTC;5.74;0.00
vmi3407579;601;2026-10-07 07:00:01 UTC;6.97;18.03
vmi3407579;599;2026-10-07 07:10:01 UTC;0.86;0.00
vmi3407579;600;2026-10-07 07:20:01 UTC;0.09;0.00
vmi3407579;600;2026-10-07 07:30:01 UTC;1.59;0.00
vmi3407579;601;2026-10-07 07:40:01 UTC;0.98;0.00
vmi3407579;600;2026-10-07 07:50:01 UTC;1.56;0.00
vmi3407579;599;2026-10-07 08:00:01 UTC;3.11;0.00
vmi3407579;600;2026-10-07 08:10:01 UTC;993.83;4092.76
vmi3407579;601;2026-10-07 08:20:02 UTC;240.17;0.00
vmi3407579;600;2026-10-07 08:30:01 UTC;31.45;0.00
vmi3407579;599;2026-10-07 08:40:01 UTC;55.52;0.00
vmi3407579;600;2026-10-07 08:50:00 UTC;66.41;0.00
vmi3407579;602;2026-10-07 09:00:02 UTC;15.00;0.66
vmi3407579;599;2026-10-07 09:10:01 UTC;2.66;0.00
vmi3407579;600;2026-10-07 09:20:01 UTC;2.84;0.00
vmi3407579;600;2026-10-07 09:30:01 UTC;9.85;0.00
vmi3407579;599;2026-10-07 09:40:00 UTC;7.12;0.00
vmi3407579;601;2026-10-07 09:50:00 UTC;1.06;0.00
vmi3407579;601;2026-10-07 10:00:01 UTC;0.81;0.00
vmi3407579;600;2026-10-07 10:10:01 UTC;1.85;0.00
vmi3407579;600;2026-10-07 10:20:01 UTC;4.57;0.05
vmi3407579;599;2026-10-07 10:30:00 UTC;1.11;0.00
vmi3407579;601;2026-10-07 10:40:01 UTC;7.05;0.00
vmi3407579;600;2026-10-07 10:50:01 UTC;54.61;0.00
vmi3407579;600;2026-10-07 11:00:01 UTC;1.12;0.27
vmi3407579;600;2026-10-07 11:10:01 UTC;176.16;0.00
vmi3407579;599;2026-10-07 11:20:01 UTC;0.08;0.00
vmi3407579;601;2026-10-07 11:30:01 UTC;0.07;0.00
vmi3407579;600;2026-10-07 11:40:02 UTC;0.19;0.00
vmi3407579;600;2026-10-07 11:50:02 UTC;0.10;0.00
vmi3407579;598;2026-10-07 12:00:00 UTC;0.43;0.00
vmi3407579;601;2026-10-07 12:10:01 UTC;0.19;0.00
vmi3407579;600;2026-10-07 12:20:02 UTC;0.10;0.00
vmi3407579;600;2026-10-07 12:30:01 UTC;0.12;0.00
vmi3407579;599;2026-10-07 12:40:01 UTC;0.10;0.00
vmi3407579;600;2026-10-07 12:50:00 UTC;0.07;0.00
vmi3407579;600;2026-10-07 13:00:00 UTC;0.08;0.00
vmi3407579;601;2026-10-07 13:10:01 UTC;5.83;0.00
vmi3407579;600;2026-10-07 13:20:01 UTC;0.11;0.00
vmi3407579;600;2026-10-07 13:30:01 UTC;0.10;0.00
vmi3407579;599;2026-10-07 13:40:00 UTC;25.44;0.00
vmi3407579;599;2026-10-07 13:50:00 UTC;0.09;0.00
vmi3407579;602;2026-10-07 14:00:01 UTC;0.59;0.00
vmi3407579;600;2026-10-07 14:10:01 UTC;0.64;0.00
vmi3407579;599;2026-10-07 14:20:00 UTC;0.01;0.00
vmi3407579;600;2026-10-07 14:30:00 UTC;0.01;0.00
vmi3407579;601;2026-10-07 14:40:01 UTC;0.02;0.00
vmi3407579;601;2026-10-07 14:50:02 UTC;0.58;49.27
vmi3407579;598;2026-10-07 15:00:00 UTC;42.92;95.56
vmi3407579;601;2026-10-07 15:10:01 UTC;14.62;492.61
vmi3407579;600;2026-10-07 15:20:01 UTC;58.80;0.00
vmi3407579;600;2026-10-07 15:30:01 UTC;10.20;0.00
vmi3407579;599;2026-10-07 15:40:00 UTC;3.64;0.00
vmi3407579;601;2026-10-07 15:50:01 UTC;1.05;0.00
vmi3407579;599;2026-10-07 16:00:00 UTC;2.22;0.00
vmi3407579;601;2026-10-07 16:10:01 UTC;0.60;0.00
vmi3407579;599;2026-10-07 16:20:00 UTC;2.57;61.79
vmi3407579;601;2026-10-07 16:30:01 UTC;1.32;0.00
vmi3407579;599;2026-10-07 16:40:00 UTC;0.36;0.00
vmi3407579;601;2026-10-07 16:50:01 UTC;0.15;0.00
vmi3407579;600;2026-10-07 17:00:01 UTC;0.10;0.00
vmi3407579;600;2026-10-07 17:10:02 UTC;0.15;0.00
vmi3407579;600;2026-10-07 17:20:01 UTC;1.66;0.00
vmi3407579;598;2026-10-07 17:30:00 UTC;0.16;0.00
vmi3407579;602;2026-10-07 17:40:01 UTC;0.05;0.00
vmi3407579;599;2026-10-07 17:50:01 UTC;0.06;0.00
vmi3407579;600;2026-10-07 18:00:00 UTC;0.07;0.00
vmi3407579;603;2026-10-07 18:10:03 UTC;0.04;0.00
vmi3407579;599;2026-10-07 18:20:02 UTC;0.03;0.00
vmi3407579;599;2026-10-07 18:30:01 UTC;0.03;0.00
vmi3407579;600;2026-10-07 18:40:02 UTC;0.05;0.00
vmi3407579;599;2026-10-07 18:50:01 UTC;0.03;0.00
vmi3407579;600;2026-10-07 19:00:00 UTC;0.06;0.00
vmi3407579;601;2026-10-07 19:10:01 UTC;0.06;0.00
vmi3407579;600;2026-10-07 19:20:02 UTC;0.07;0.00
vmi3407579;600;2026-10-07 19:30:01 UTC;0.80;0.00
vmi3407579;599;2026-10-07 19:40:00 UTC;0.03;0.00
vmi3407579;601;2026-10-07 19:50:01 UTC;2.57;0.00
vmi3407579;601;2026-10-07 20:00:01 UTC;0.06;0.00
vmi3407579;600;2026-10-07 20:10:01 UTC;0.09;0.00
vmi3407579;600;2026-10-07 20:20:02 UTC;0.03;0.00
vmi3407579;600;2026-10-07 20:30:01 UTC;0.03;0.00
vmi3407579;600;2026-10-07 20:40:01 UTC;0.20;0.00
vmi3407579;599;2026-10-07 20:50:00 UTC;0.02;0.00
vmi3407579;601;2026-10-07 21:00:01 UTC;0.43;0.00
vmi3407579;602;2026-10-07 21:10:02 UTC;0.05;0.00
vmi3407579;599;2026-10-07 21:20:02 UTC;0.15;0.00
vmi3407579;599;2026-10-07 21:30:00 UTC;0.22;0.00
vmi3407579;602;2026-10-07 21:40:02 UTC;0.01;0.00
vmi3407579;599;2026-10-07 21:50:01 UTC;0.03;0.00
# hostname;interval;timestamp;pswpin/s;pswpout/s
vmi3407579;599;2026-10-07 22:10:00 UTC;0.02;0.00
vmi3407579;601;2026-10-07 22:20:01 UTC;0.03;0.00
vmi3407579;601;2026-10-07 22:30:02 UTC;0.04;0.00
vmi3407579;600;2026-10-07 22:40:02 UTC;0.01;0.00
vmi3407579;598;2026-10-07 22:50:00 UTC;0.23;0.00
vmi3407579;601;2026-10-07 23:00:02 UTC;0.03;0.00
vmi3407579;599;2026-10-07 23:10:01 UTC;0.10;0.00
vmi3407579;600;2026-10-07 23:20:01 UTC;0.01;0.00
vmi3407579;600;2026-10-07 23:30:01 UTC;0.45;0.00
vmi3407579;600;2026-10-07 23:40:01 UTC;0.12;0.00
vmi3407579;601;2026-10-07 23:50:02 UTC;0.31;0.00
vmi3407579;599;2026-10-08 00:00:01 UTC;0.03;0.00
vmi3407579;598;2026-10-08 00:10:00 UTC;0.08;0.00
vmi3407579;603;2026-10-08 00:20:02 UTC;0.19;0.00
vmi3407579;598;2026-10-08 00:30:00 UTC;0.04;0.00
vmi3407579;600;2026-10-08 00:40:01 UTC;0.05;0.00
vmi3407579;601;2026-10-08 00:50:01 UTC;0.01;0.00
vmi3407579;599;2026-10-08 01:00:00 UTC;0.04;0.00
vmi3407579;600;2026-10-08 01:10:00 UTC;0.02;0.00
vmi3407579;601;2026-10-08 01:20:01 UTC;0.02;0.00
vmi3407579;600;2026-10-08 01:30:01 UTC;0.03;0.00
vmi3407579;601;2026-10-08 01:40:02 UTC;0.03;0.00
vmi3407579;599;2026-10-08 01:50:01 UTC;0.00;0.00
vmi3407579;599;2026-10-08 02:00:00 UTC;0.52;0.00
vmi3407579;600;2026-10-08 02:10:00 UTC;0.91;0.00
vmi3407579;602;2026-10-08 02:20:02 UTC;0.01;0.00
vmi3407579;599;2026-10-08 02:30:01 UTC;0.75;0.00
vmi3407579;600;2026-10-08 02:40:01 UTC;0.02;0.00
vmi3407579;599;2026-10-08 02:50:01 UTC;8.04;0.00
vmi3407579;600;2026-10-08 03:00:01 UTC;17.31;0.00
vmi3407579;600;2026-10-08 03:10:01 UTC;44.91;0.00
vmi3407579;600;2026-10-08 03:20:01 UTC;1.27;0.00
vmi3407579;600;2026-10-08 03:30:01 UTC;12.43;0.00
vmi3407579;598;2026-10-08 03:40:00 UTC;7.50;0.00
vmi3407579;601;2026-10-08 03:50:00 UTC;0.47;0.00
vmi3407579;600;2026-10-08 04:00:01 UTC;1.38;0.00
vmi3407579;601;2026-10-08 04:10:02 UTC;0.04;0.00
vmi3407579;601;2026-10-08 04:20:02 UTC;1.11;0.00
vmi3407579;599;2026-10-08 04:30:01 UTC;1.19;0.00
vmi3407579;599;2026-10-08 04:40:00 UTC;2.24;0.00
vmi3407579;601;2026-10-08 04:50:01 UTC;6.58;0.00
vmi3407579;601;2026-10-08 05:00:02 UTC;36.41;305.14
vmi3407579;598;2026-10-08 05:10:00 UTC;175.94;186.82
vmi3407579;601;2026-10-08 05:20:02 UTC;90.17;0.00
vmi3407579;599;2026-10-08 05:30:01 UTC;0.09;0.00
vmi3407579;601;2026-10-08 05:40:02 UTC;0.04;0.00
vmi3407579;599;2026-10-08 05:50:02 UTC;0.05;0.00
vmi3407579;599;2026-10-08 06:00:00 UTC;0.03;0.00
vmi3407579;601;2026-10-08 06:10:02 UTC;0.36;141.17
vmi3407579;600;2026-10-08 06:20:02 UTC;51.23;189.21
vmi3407579;600;2026-10-08 06:30:02 UTC;6.04;147.19
vmi3407579;599;2026-10-08 06:40:01 UTC;6.28;0.00
vmi3407579;601;2026-10-08 06:50:02 UTC;0.27;0.00
vmi3407579;600;2026-10-08 07:00:01 UTC;2.98;0.00
vmi3407579;600;2026-10-08 07:10:01 UTC;0.31;0.00
vmi3407579;599;2026-10-08 07:20:01 UTC;2.03;0.00
vmi3407579;600;2026-10-08 07:30:00 UTC;8.66;608.88
vmi3407579;600;2026-10-08 07:40:00 UTC;337.20;641.45
vmi3407579;601;2026-10-08 07:50:02 UTC;270.01;407.40
vmi3407579;599;2026-10-08 08:00:00 UTC;108.71;231.49
vmi3407579;600;2026-10-08 08:10:00 UTC;28.71;45.56
vmi3407579;601;2026-10-08 08:20:01 UTC;15.49;0.00
vmi3407579;600;2026-10-08 08:30:02 UTC;10.28;0.00
vmi3407579;600;2026-10-08 08:40:02 UTC;77.55;257.22
vmi3407579;599;2026-10-08 08:50:01 UTC;91.83;569.01
vmi3407579;599;2026-10-08 09:00:00 UTC;120.83;175.57
vmi3407579;600;2026-10-08 09:10:00 UTC;444.14;1049.11
vmi3407579;602;2026-10-08 09:20:02 UTC;469.06;560.49
vmi3407579;598;2026-10-08 09:30:01 UTC;166.74;433.90
vmi3407579;600;2026-10-08 09:40:00 UTC;549.40;39.12
vmi3407579;601;2026-10-08 09:50:01 UTC;45.10;0.00
vmi3407579;599;2026-10-08 10:00:01 UTC;25.28;40.99
vmi3407579;599;2026-10-08 10:10:00 UTC;15.08;0.00
vmi3407579;602;2026-10-08 10:20:02 UTC;1.90;0.00
vmi3407579;599;2026-10-08 10:30:01 UTC;36.76;0.00
vmi3407579;600;2026-10-08 10:40:01 UTC;17.68;41.81
vmi3407579;599;2026-10-08 10:50:01 UTC;9.04;12.78
vmi3407579;599;2026-10-08 11:00:00 UTC;36.30;0.00
vmi3407579;601;2026-10-08 11:10:01 UTC;0.06;0.00
vmi3407579;600;2026-10-08 11:20:01 UTC;0.30;0.00
vmi3407579;599;2026-10-08 11:30:00 UTC;0.98;0.00
vmi3407579;601;2026-10-08 11:40:01 UTC;0.15;0.00
vmi3407579;601;2026-10-08 11:50:01 UTC;0.11;0.00
