turn_no,turn_id,phase,start_utc,end_utc,complete,duration_s,ttft_s,first_model_event_s,tool_count,tool_blocked_union_s,effective_tool_union_s,residual_s,ok,stop_reason,input_tokens,cache_read_tokens,output_tokens,cost_usd,quota_primary_pct,trigger_source,trigger_payload_bytes,queue_to_start_ms,steered_messages
1,019fe56e-f83e-7162-9fca-c647341fcd87,research_build_and_review_submit,2026-08-09T07:31:22.891+00:00,2026-08-09T07:55:16.193+00:00,True,1433.321,11.476,11.415,74,66.762,66.762,1366.559,1,end_turn,8766209,8257792,38147,7.815391,4.0,seedon_orchestrator,5573,1696.473,0
2,019fe585-f722-7100-bd86-78aedfc22c50,research_review_fallback_retry,2026-08-09T07:56:29.893+00:00,2026-08-09T07:57:00.693+00:00,True,30.802,7.305,7.291,2,0.877,0.877,29.925,1,end_turn,409083,403712,1302,0.267771,5.0,background_job,4754,68.059,0
3,019fe587-ad90-7722-bf30-2ae89e6f70d7,research_review_fix_r2,2026-08-09T07:58:22.133+00:00,2026-08-09T08:05:10.694+00:00,True,408.562,1.655,1.653,22,4.017,4.017,404.545,1,end_turn,3416945,3276032,14320,2.772181,6.0,background_job,4850,63.159,0
4,019fe58e-b521-70f3-86e6-9c4f10ba541c,research_review_fix_r3,2026-08-09T08:06:02.831+00:00,2026-08-09T08:14:11.811+00:00,True,488.982,7.111,7.098,15,2.252,2.252,486.73,1,end_turn,2571379,2553856,5752,1.537103,7.0,background_job,4734,83.548,0
5,019fe596-fd74-7573-8660-2b394a40753f,research_review_fix_r4,2026-08-09T08:15:05.617+00:00,2026-08-09T08:16:21.124+00:00,True,75.507,4.958,4.957,6,1.163,1.163,74.344,1,end_turn,1160994,1152256,2315,0.689268,7.0,background_job,4491,54.668,0
6,019fe598-6da0-7b23-a3c7-1c1086eee70a,research_pass_and_gate,2026-08-09T08:16:39.853+00:00,2026-08-09T08:17:55.603+00:00,True,75.75,3.332,3.332,6,9.285,9.285,66.465,1,end_turn,1185693,1178880,2415,0.695955,7.0,background_job,3852,38.813,0
7,019fe59a-f2e6-7e83-8c6d-e3f45a2de84c,plan_build_and_review_r1,2026-08-09T08:19:25.089+00:00,2026-08-09T08:39:00.452+00:00,True,1175.365,10.388,10.31,18,19.035,19.035,1156.33,1,end_turn,3997749,3942912,35197,3.301551,9.0,seedon_orchestrator,920,94.115,0
8,019fe5ad-c229-7480-8f40-d332341e753a,plan_review_fix_r2,2026-08-09T08:39:57.764+00:00,2026-08-09T08:43:53.425+00:00,True,235.663,3.961,3.958,17,8.048,8.048,227.615,1,end_turn,1247987,1176576,6567,1.142353,9.0,background_job,4745,49.501,0
9,019fe5b1-9e69-7051-99fb-55a3ccf26a06,plan_review_fix_r3,2026-08-09T08:44:10.747+00:00,2026-08-09T08:45:23.665+00:00,True,72.918,2.204,2.192,5,6.468,6.468,66.45,1,end_turn,460329,450816,2802,0.357033,9.0,background_job,4593,41.793,0
10,019fe5b2-f3aa-7202-af0f-705b74365592,plan_pass_and_gate,2026-08-09T08:45:38.112+00:00,2026-08-09T08:46:49.448+00:00,True,71.338,4.947,4.941,6,0.995,0.995,70.343,1,end_turn,572128,564352,2706,0.402236,10.0,background_job,4368,36.477,0
11,019fe5cc-768f-7b72-be1a-29e043f6afdf,plan_delta_build_and_review_d1,2026-08-09T09:13:30.061+00:00,2026-08-09T09:51:34.505+00:00,True,2284.457,52.145,18.567,61,22.297,22.297,2262.16,1,end_turn,9181804,8705792,53083,8.325446,14.0,seedon_orchestrator,1101,94.496,1
12,019fe5f0-0e4c-7a30-a775-de93381ec714,plan_delta_fix_d2,2026-08-09T09:52:22.628+00:00,2026-08-09T09:54:39.772+00:00,True,137.146,5.664,5.602,7,1.518,1.518,135.628,1,end_turn,1512426,1500160,4537,0.94752,14.0,background_job,4424,47.137,0
13,019fe5f2-abaa-7240-b34e-9f355926ec91,plan_delta_fix_d3,2026-08-09T09:55:13.995+00:00,2026-08-09T09:56:44.785+00:00,True,90.791,23.232,23.104,3,1.057,1.057,89.734,1,end_turn,777511,772096,2778,0.496463,15.0,background_job,4612,50.019,0
14,019fe5f4-79f5-73f3-ba22-fa8879d4867f,plan_delta_fix_d4,2026-08-09T09:57:12.330+00:00,2026-08-09T09:58:18.432+00:00,True,66.103,13.338,13.313,3,0.937,0.937,65.166,1,end_turn,791070,785408,2334,0.491034,15.0,background_job,4001,43.845,0
15,019fe5f5-f1d9-7853-8773-b10bedeb7b48,plan_delta_fix_d5,2026-08-09T09:58:48.552+00:00,2026-08-09T10:00:20.532+00:00,True,91.979,21.504,18.226,6,1.508,1.508,90.471,1,end_turn,1418584,1409024,3326,0.852092,15.0,background_job,3305,32.102,0
16,019fe5f7-dbe3-78c0-9d7f-afd0309a5ba6,plan_delta_fix_d6,2026-08-09T10:00:54.005+00:00,2026-08-09T10:01:41.613+00:00,True,47.609,4.077,4.075,4,0.751,0.751,46.858,1,end_turn,1031800,1026048,1681,0.592214,15.0,background_job,4226,38.45,0
17,019fe5f8-d912-7f42-b28a-74a948c949cc,plan_delta_fix_d7,2026-08-09T10:01:58.845+00:00,2026-08-09T10:02:30.226+00:00,True,31.381,4.831,4.825,2,0.496,0.496,30.885,1,end_turn,626156,622592,972,0.358276,15.0,background_job,4227,74.305,0
18,019fe5f9-84c6-70f2-bbf1-40810feeceee,plan_delta_pass_then_phase3_build_and_review_r1,2026-08-09T10:02:42.795+00:00,2026-08-09T10:52:52.260+00:00,True,3009.467,5.863,5.757,72,102.92,113.327,2896.14,1,end_turn,9620175,9411072,85666,8.321031,18.0,background_job,4142,59.346,3
19,019fe628-9cd3-7202-9b27-412fe9ef87f1,implementation_review_retry_and_r2_submit,2026-08-09T10:54:09.134+00:00,2026-08-09T10:54:37.220+00:00,True,28.089,11.187,11.164,1,0.316,0.316,27.773,1,end_turn,360182,356864,885,0.221572,18.0,background_job,3509,48.16,0
20,019fe630-7af2-70d0-a022-1b3ec7bed73f,status_checkpoint_during_review,2026-08-09T11:02:44.745+00:00,2026-08-09T11:03:24.735+00:00,True,39.991,7.519,7.43,3,0.491,0.491,39.5,1,end_turn,728062,721920,1143,0.42596,19.0,seedon_orchestrator,466,40.457,0
21,019fe631-3e55-7d01-9161-35d052780a8c,credential_instruction_during_review,2026-08-09T11:03:34.757+00:00,2026-08-09T11:03:42.305+00:00,True,7.549,5.854,5.832,0,0,0,7.549,1,end_turn,183878,183040,212,0.10207,19.0,seedon_orchestrator,649,38.688,0
22,019fe634-aba1-7e92-a9b1-e71424c9de47,dashboard_scope_expansion_during_review,2026-08-09T11:07:19.351+00:00,2026-08-09T11:09:13.216+00:00,True,113.866,18.434,16.008,6,1.112,1.112,112.754,1,end_turn,1334719,1317120,4011,0.866885,20.0,seedon_orchestrator,1953,49.403,0
23,019fe636-f221-70c1-86c0-b3788f6342d7,implementation_r2_fixes_tests_and_review_r3,2026-08-09T11:09:48.496+00:00,2026-08-09T12:36:35.716+00:00,True,5207.222,4.642,4.555,194,398.623,461.383,4745.839,1,end_turn,28365707,27877632,107845,19.614541,28.0,background_job,3126,68.673,1
24,019fe694-b210-7c52-979b-293f34f5576c,implementation_r3_fixes_tests_and_review_r4,2026-08-09T12:52:12.492+00:00,2026-08-09T13:36:09.230+00:00,True,2636.752,5.217,5.184,35,75.006,81.963,2554.789,1,end_turn,6335790,6275584,20143,4.043112,30.0,background_job,3150,86.406,2
25,019fe6bf-c758-7ac2-bba5-6de911a9c0ab,implementation_r4_fix_and_review_r5,2026-08-09T13:39:15.965+00:00,2026-08-09T13:43:13.412+00:00,True,237.45,3.47,3.329,13,41.489,84.577,152.873,1,end_turn,2761145,2745600,3265,1.548475,32.0,background_job,3190,74.377,0
26,019fe6c4-4659-7d21-9506-0aa955e6d976,implementation_r5_pass_and_deploy_prep,2026-08-09T13:44:10.608+00:00,2026-08-09T13:54:49.350+00:00,True,638.743,12.905,12.86,17,74.494,80.87,557.873,1,end_turn,3700330,3677952,7857,2.186576,33.0,background_job,3129,50.83,1
