reset_kr,variant,mean_day_extra_pp_08_18,max_day_extra_pp_08_18,min_day_extra_pp_08_18,snapshot_observations_above_line,max_observed_over_line_pp,first_observed_excess_kr,first_observed_99_kr,hours_99_before_reset
2026-09-15T14:00:00+07:00,baseline,0.0,0.0,0.0,851,23.37,2026-09-11T13:03:06.531236+07:00,2026-09-13T20:56:09.048092+07:00,41.06
2026-09-15T14:00:00+07:00,workhours_08_23,-0.14,1.62,-1.94,851,21.2,2026-09-11T13:03:06.531236+07:00,2026-09-13T20:56:09.048092+07:00,41.06
2026-09-15T14:00:00+07:00,end_of_nearest_night_08,9.99,12.99,7.05,785,19.25,2026-09-11T17:25:19.048107+07:00,2026-09-13T20:56:09.048092+07:00,41.06
2026-09-22T14:00:00+07:00,baseline,0.0,0.0,0.0,1517,14.52,2026-09-15T18:36:37.810412+07:00,2026-09-21T14:33:45.259516+07:00,23.44
2026-09-22T14:00:00+07:00,workhours_08_23,-0.13,1.62,-1.95,1445,12.67,2026-09-15T18:56:45.657200+07:00,2026-09-21T14:33:45.259516+07:00,23.44
2026-09-22T14:00:00+07:00,end_of_nearest_night_08,9.25,13.0,0.0,767,9.25,2026-09-16T05:52:14.277525+07:00,2026-09-21T14:33:45.259516+07:00,23.44
2026-09-22T14:00:00+07:00,prior_hourly_usage_profile,6.47,19.33,-6.57,838,8.3,2026-09-15T18:36:37.810412+07:00,2026-09-21T14:33:45.259516+07:00,23.44
2026-09-29T14:00:00+07:00,baseline,0.0,0.0,0.0,1299,19.43,2026-09-23T13:45:52.697581+07:00,2026-09-29T13:26:50.685508+07:00,0.55
2026-09-29T14:00:00+07:00,workhours_08_23,-0.15,1.61,-1.95,1237,17.2,2026-09-23T13:45:52.697581+07:00,2026-09-29T13:26:50.685508+07:00,0.55
2026-09-29T14:00:00+07:00,end_of_nearest_night_08,9.17,13.0,0.0,737,15.25,2026-09-24T18:55:40.641968+07:00,2026-09-29T13:26:50.685508+07:00,0.55
2026-09-29T14:00:00+07:00,prior_hourly_usage_profile,6.68,16.8,-1.72,601,6.29,2026-09-24T08:31:18.373823+07:00,2026-09-29T13:26:50.685508+07:00,0.55
